brand,model,price,weight,core_thickness_mm,grip_length,rpm,shape,face_material,core_material,swing_weight,twist_weight,year
11six24,Vapor Power2,209.99,672,5.5,16,4.125,Hybrid,HexGrit,Full foam,111,6.67, 2020
11six24,Alpha Pro Power Hurache-X,199,599,6,16,4.125,Elongated,"Carbon Fiber,Fiberglass",Polymer Honeycomb,113.57,6.14,
11six24,Alpha Pro Power Pegasus,199,598,5.5,16,4.125,Wide body,"Carbon Fiber,Fiberglass",Polymer Honeycomb,106.6,7.12,
11six24,Alpha Pro Power Vapor,199,597,5.75,16,4.125,Hybrid,"Carbon Fiber,Fiberglass",Polymer Honeycomb,109.08,6.48,
11six24,Power Hurache-X 16mm,169.99,525,5.75,16,4.125,Elongated,"Raw carbon fiber,Fiberglass",Polymer Honeycomb,117,6.25,
11six24,Power Vapor 16mm,169.99,524,5.75,16,4.125,Wide body,"Raw carbon fiber,Fiberglass",Polymer Honeycomb,113,6.74,
11six24,Power Pegasus 16mm,169.99,523,5.75,16,4.125,Wide body,"Raw carbon fiber,Fiberglass",Polymer Honeycomb,107,7.21,
11six24,All Court Hurache-X 16mm,139.99,501,6,16,4.125,Elongated,"Fiberglass,Raw carbon fiber",Polymer Honeycomb,118,6.21,
11six24,All Court Vapor 16mm,139.9,500,5.75,16,4.125,Hybrid,"Fiberglass,Raw carbon fiber",Polymer Honeycomb,117,6.76,
11six24,Jelly Bean Hurache-X 16mm,99.99,499,6,16,4.125,Elongated,"Raw carbon fiber,Fiberglass",Polymer Honeycomb,115,6.03,
11six24,Jelly Bean Vapor 16mm,99.99,498,5.75,16,4.125,Hybrid,"Raw carbon fiber,Fiberglass",Polymer Honeycomb,114,6.7,
11six24,All Court Pegasus 16mm,139.99,414,5.75,16,4.125,Wide body,"Fiberglass,Raw carbon fiber",Polymer Honeycomb,114,7.22,
11six24,Jelly Bean Pegasus 16mm,99.99,413,5.75,16,4.125,Wide body,"Fiberglass,Raw carbon fiber",Polymer Honeycomb,112,7.29,
11six24,Jelly Bean Pegasus 14mm,99.99,411,5.75,14,4.125,Wide body,"Fiberglass,Raw carbon fiber",Polymer Honeycomb,109,6.91,
Adidas,Adipower pro 14,189,657,5.5,14,4.25,Elongated,Raw carbon fiber,Polymer Honeycomb,123,6.38,
Adidas,Adipower pro 16 c,189,656,5.5,16,4.25,Wide body,Raw carbon fiber,Polymer Honeycomb,118.69,7.01,
Adidas,Adipower pro 16,189,655,5.5,16,4.25,Elongated,Raw carbon fiber,Polymer Honeycomb,126.21,6.22,
Adidas,Metalbone 14.5,229,568,5.5,14.5,4.25,Elongated,"Carbon Fiber,(Paint Grit)",Polymer Honeycomb,109,4.94,
Adidas,Metalbone LP 16mm,249.99,567,5.5,16,4.25,Elongated,"Carbon Fiber,(Paint Grit)",Polymer Honeycomb,120,5.42,
Adidas,Metalbone LP Team,209,566,5.5,16,4.25,Elongated,"Carbon Fiber,(Paint Grit)",EVA Foam,112,4.93,
Adidas,Metalbone LP S,249.99,565,5.5,16,4.25,Elongated,"Carbon Fiber,(Paint Grit)",EVA Foam,116,5.22,
Adidas,Metalbone,259.99,287,5.5,13,4.125,Elongated,Carbon Fiber,PMI Foam,116,5.62,
Adidas,AdiPower CTRL,199.99,237,5,14,4.125,Standard,Carbon Fiber,Polymer Honeycomb,111,6.82,
Adidas,Adipower Carbon Team,159.99,236,5.5,16,4.5,Elongated,Carbon Fiber,Polymer Honeycomb,116,5.72,
Adidas,AdiPower Attk 2,199.99,235,5,14,4.125,Elongated,Carbon Fiber,Polymer Honeycomb,116,6.00,
Adidas,Match Light 2,69.99,202,4.75,14,4.125,Standard,Fiberglass,Polymer Honeycomb,96,6.68,
Adidas,Drive 2,69.99,201,4.75,14,4.125,Standard,Fiberglass,Polymer Honeycomb,105,7.11,
Aiso,Centric 16mm,99.99,345,5.3,16,4.125,Elongated,Raw carbon fiber,Polymer Honeycomb,118,6.27,
Avoura,Rivelle,199,618,5.5,13,4.1,Elongated,Raw carbon fiber,Polymer Honeycomb,111,6.08,
Avoura,Revaya,199,617,5.5,13,4.1,Hybrid,Raw carbon fiber,Polymer Honeycomb,111,5.43,
Avoura,Rhapsody 13mm,225,491,5.25,13,4.125,Wide body,Raw carbon fiber,Polymer Honeycomb,105,7.18,
Babolat,Strikr+,219,537,5.5,13,4.0,Elongated,"Carbon Fiber,(Paint Grit)",Polymer Honeycomb,121,6.26,
Babolat,Ballr+,219,536,5.5,16,4.0,Hybrid,"Carbon Fiber,(Paint Grit)",Polymer Honeycomb,111,6,
Babolat,Wzrd,219,535,5,20,4.0,Wide body,"Carbon Fiber,(Paint Grit)",Polymer Honeycomb,108,6.38,
Ballr,Ballr Pro,99.99,231,6,16,4.5,Elongated,Raw carbon fiber,Polymer Honeycomb,126,6.18,
Body Helix,FLIK F1,190,619,5.3,16,4.15,Elongated,Raw carbon fiber,EPP Foam,115.75,6,
Body Helix,X4 Carbon,140,445,5.25,16,4.25,Hybrid,Raw carbon fiber,Polymer Honeycomb,116,6.54,
Body Helix,X4 Kevlar,140,444,5.25,16,4.25,Hybrid,Raw carbon fiber,Polymer Honeycomb,115,6.52,
Body Helix,X5,140,442,5.7,16,4.25,Standard,Kevlar,Polymer Honeycomb,116,7.23,
Body Helix,X1,160,224,5.25,16,4.25,Elongated,Raw carbon fiber,Polymer Honeycomb,122,6.85,
Bread & Butter,Loco Widebody,199,640,5.3,16,4.125,Wide body,Raw carbon fiber,EPP Foam,110,7.34,
Bread & Butter,Loco Hybrid,199,635,5.3,16,4.125,Hybrid,Raw carbon fiber,EPP Foam,112.05,6.52,
Bread & Butter,Loco Widebody,199,633,5.3,16,4.125,Wide body,Raw carbon fiber,EPP Foam,110,7.34,
Bread & Butter,Loco Hybrid,199,632,5.3,16,4.125,Hybrid,Raw carbon fiber,EPP Foam,112.05,6.52,
Bread & Butter,Wild thang,189,621,5.5,16,4.25,Elongated,Carbon Fiber,Polymer Honeycomb,113.38,5.92,
Bread & Butter,Filth Standard,165,547,5.3,16,4.25,Standard,Raw carbon fiber,Polymer Honeycomb,109,7.32,
Bread & Butter,Filth Hybrid,165,546,5.5,16,4.25,Hybrid,Raw carbon fiber,Polymer Honeycomb,112,6.7,
Bread & Butter,Fat Boy,189.99,393,5.3,16,4.25,Standard,Kevlar,Polymer Honeycomb,109,7.19,
Bread & Butter,Shogun,189.99,381,5.5,16,4.25,Elongated,"Carbon Fiber,Titanium",Polymer Honeycomb,120,6.18,
Bread & Butter,Filth Elongated,165,193,5.5,16,4.25,Elongated,Raw carbon fiber,Polymer Honeycomb,121,6.16,
Chorus Pickleball,Echo EX,109,515,5.6,16,4.25,Elongated,Raw carbon fiber,Polymer Honeycomb,114,6.19,
Chorus Pickleball,Echo HX,109,514,5.6,16,4.25,Hybrid,Raw carbon fiber,Polymer Honeycomb,110,6.42,
Chorus Pickleball,Echo SX,109,513,5.6,16,4.25,Wide body,Raw carbon fiber,Polymer Honeycomb,107,7.22,
Chorus Pickleball,Supercourt EX,119,512,5.6,16,4.25,Elongated,Raw carbon fiber,Polymer Honeycomb,114,6.28,
Chorus Pickleball,Supercourt HX,119,511,5.6,16,4.25,Hybrid,Raw carbon fiber,Polymer Honeycomb,113,6.66,
Chorus Pickleball,Supercourt SX,119,510,5.6,16,4.25,Wide body,Raw carbon fiber,Polymer Honeycomb,109,7.22,
Chorus Pickleball,Fire EX,169.99,480,5.6,14,4.25,Elongated,"titanium (polyester threads),Carbon Fiber,Fiberglass",Polymer Honeycomb,113,6.09,
Chorus Pickleball,Fire HX,169.99,479,5.6,14,4.25,Hybrid,"titanium (polyester threads),Carbon Fiber,Fiberglass",Polymer Honeycomb,110,6.33,
Chorus Pickleball,Fire SX,169.99,478,5.6,14,4.25,Wide body,"titanium (polyester threads),Carbon Fiber,Fiberglass",Polymer Honeycomb,106,6.96,
Chorus Pickleball,Shapeshifter EX,174.99,453,5.6,16,4.25,Elongated,Raw carbon fiber,Polymer Honeycomb,115,6.07,
Chorus Pickleball,Shapeshifter HX,174.99,452,5.6,16,4.25,Hybrid,Raw carbon fiber,Polymer Honeycomb,112,6.21,
Chorus Pickleball,Shapeshifter SX,174.99,451,5.6,16,4.25,Wide body,Raw carbon fiber,Polymer Honeycomb,109,6.96,
Chorus Pickleball,Shapeshifter (old aero head),189.99,401,5.3,16,4.25,Hybrid,Raw carbon fiber,Polymer Honeycomb,119,6.91,
CRBN,Waves 2,280,644,5.5,14,4.125,Wide body,Raw carbon fiber,EPP Foam,112.52,6.83,
CRBN,Waves 4,280,643,5.5,14,4.125,Hybrid,Raw carbon fiber,EPP Foam,111.28,6.48,
CRBN,Waves 3,280,642,5.5,14,4.125,Elongated,Raw carbon fiber,EPP Foam,119.49,6.53,
CRBN,Waves 1,280,641,5.5,14,4.125,Elongated,Raw carbon fiber,EPP Foam,118.62,5.66,
CRBN,CRBN4 TruFoam Genesis,280,616,5.5,14,4.125,Hybrid,Raw carbon fiber,EPP Foam,111,6.28,
CRBN,CRBN3 TruFoam Genesis,279.99,533,5.25,14,4.125,Elongated,"Raw carbon fiber,Fiberglass",foam,125,6.38,
CRBN,CRBN2 TruFoam Genesis,279.99,532,5.25,14,4.125,Wide body,"Raw carbon fiber,Fiberglass",foam,112,6.68,
CRBN,CRBN1 TruFoam Genesis,279.99,531,5.5,14,4.125,Elongated,"Raw carbon fiber,Fiberglass",foam,117,5.4,
CRBN,CRBN2 13mm,179.99,257,4.75,13,4.25,Standard,Raw carbon fiber,Polymer Honeycomb,102,6.45,
CRBN,CRBN2 14mm,179.99,256,4.75,14,4.25,Standard,Raw carbon fiber,Polymer Honeycomb,108,6.77,
CRBN,CRBN1 13mm,179.99,255,5.5,13,4.25,Elongated,Raw carbon fiber,Polymer Honeycomb,118,5.46,
CRBN,CRBN1 14mm,179.99,254,5.5,14,4.25,Elongated,Raw carbon fiber,Polymer Honeycomb,120,5.67,
CRBN,CRBN3X 14mm,229.99,253,5.25,14,4.25,Elongated,Raw carbon fiber,Polymer Honeycomb,112,6.1,
CRBN,CRBN3X 16mm,229.99,252,5.25,16,4.25,Elongated,Raw carbon fiber,Polymer Honeycomb,118,6.52,
CRBN,CRBN1 16mm,179.99,222,5.5,16,4.25,Elongated,Raw carbon fiber,Polymer Honeycomb,122,6.02,
CRBN,CRBN2X 14mm,229.99,138,4.75,14,4.125,Standard,Raw carbon fiber,Polymer Honeycomb,103,6.85,
CRBN,CRBN2X 16mm,229.99,137,4.75,16,4.125,Standard,Raw carbon fiber,Polymer Honeycomb,109,7.57,
CRBN,CRBN1X 14mm,229.99,136,5.5,14,4.25,Elongated,Raw carbon fiber,Polymer Honeycomb,117,5.9,
CRBN,CRBN1X 16mm,229.99,135,5.5,16,4.25,Elongated,Raw carbon fiber,Polymer Honeycomb,123,6.45,
CRBN,CRBN2 16mm,179.99,120,4.75,16mm,4.25,Standard,Raw carbon fiber,Polymer Honeycomb,108,7.1,
Crush,Force 5G,199.99,538,5.25,16,4.25,Standard,Raw carbon fiber,Polymer Honeycomb,113,6.86,
Diadem,BluCore Max 16mm,279.99,551,5,16,,Wide body,,EPP Foam,104,7.25,
Diadem,BluCore Pro 19mm,279.99,550,,,,Hybrid,,EPP Foam,117,6.03,
Diadem,Icon Infinity Max,219.95,520,5,13.7,4.125,Wide body,"Carbon Fiber,(Paint Grit)",Polymer Honeycomb,109,7.21,
Diadem,Edge 18k Max,229.95,519,6,16,4.125,Wide body,Raw carbon fiber,Polymer Honeycomb,110,7.51,
Diadem,Edge 18k Max Power,239.95,518,5,16,4.125,Wide body,Raw carbon fiber,Polymer Honeycomb,108,7.61,
Diadem,Edge 18k,229.99,276,5.3,16,4.125,Elongated,Raw carbon fiber,Polymer Honeycomb,117,6.17,
Diadem,Edge 18k Pro Power,229.99,275,5.75,16,4.25,Elongated,Raw carbon fiber,Polymer Honeycomb,121,6.35,
Diadem,Warrior v2,229.95,263,5.3,19,4.125,Elongated,Raw carbon fiber,"Polymer Honeycomb,kevlar",116,,
Diadem,Icon v2,199.99,157,5.5,13.7,4.125,Elongated,Carbon Fiber,"Polymer Honeycomb,kevlar",122,5.72,
Diadem,Warrior Edge,174.95,93,"5.0""",16mm,4.125,Elongated,Raw carbon fiber,Polymer Honeycomb,120.0,6.48,
Diadem,Warrior,189.95,83,5.3,19mm,4.125,Elongated,Carbon Fiber,"Polymer Honeycomb,kevlar",127,,
Diadem,Icon v1,159.95,47,"5.0""",8mm,4.25,Standard,Carbon Fiber,Polymer Honeycomb,107.0,5.89,
Electrum,Pro Stealth,219.99,344,5,12,4.25,Standard,Raw carbon fiber,Polymer Honeycomb,87,5.38,
Electrum,Model E Stealth,219.99,343,5.5,16,4.25,Elongated,Raw carbon fiber,Polymer Honeycomb,112,5.39,
Electrum,Pro II Stealth,219.99,342,5.25,12,4.25,Standard,Raw carbon fiber,Polymer Honeycomb,95,5.09,
Electrum,Model E Elite,199.99,186,5.25,16,4.5,Elongated,Raw carbon fiber,Polymer Honeycomb,122,7.04,
Electrum,Model E 13mm,159.99,122,5.25,13mm,4.5,Elongated,Raw carbon fiber,Polymer Honeycomb,111,5.87,
Electrum,Model E 16mm,179.99,89,"5.25""",16mm,4.5,Elongated,Raw carbon fiber,Polymer Honeycomb,117,6.33,
Electrum,Pro II,199.99,39,"5.50""",11mm,4.25,Standard,Raw carbon fiber,Polymer Honeycomb,123,7.25,
Engage,Pursuit Pro1 Widebody,259.99,559,,,,,,,,,
Engage,Pursuit Pro1 Hybrid,259.99,558,,13,4.25,Hybrid,Raw carbon fiber,Polymer Honeycomb,103,5.78,
Engage,Pursuit Pro Innovation 15.2mm,279.99,549,6,15.2,4.25,Elongated,Raw carbon fiber,Polymer Honeycomb,125,6.29,
Engage,Pursuit Pro Innovation 12.7mm,279.99,548,6,12.7,4.25,Elongated,Raw carbon fiber,Polymer Honeycomb,125,5.93,
Engage,Pursuit v2.0,179.99,471,5.3,15.2,4.25,Hybrid,Raw carbon fiber,Polymer Honeycomb,113,6.32,
Engage,Evolution Aero,139.99,470,5.5,16,4.25,Elongated,Raw carbon fiber,Polymer Honeycomb,104,5.8,
Engage,Encore Pro v2 12.7,99.99,469,5.4,12.7,4.25,Hybrid,Fiberglass,Polymer Honeycomb,106,5.79,
Engage,Encore Pro v2 15.2,99.99,468,5.4,15.3,4.25,Hybrid,Fiberglass,Polymer Honeycomb,105,6,
Engage,Pursuit Pro1 (Lite),259.99,371,5.875,13,4.25,Elongated,Raw carbon fiber,Polymer Honeycomb,107,5.52,
Engage,Pursuit Pro1 (Mid weight),259.99,370,5.875,13,4.25,Elongated,Raw carbon fiber,Polymer Honeycomb,110,5.66,
Engage,Pursuit Pro1 6.0 (Lite),259.99,369,5.875,16,4.25,Elongated,Raw carbon fiber,Polymer Honeycomb,112,5.73,
Engage,Pursuit Pro1 6.0 (Mid weight),259.99,368,5.875,16,4.25,Elongated,Raw carbon fiber,Polymer Honeycomb,113,5.83,
Engage,Extreme v2.14,159.99,329,5.25,14,4.25,Elongated,Raw carbon fiber,Polymer Honeycomb,115,6.27,
Engage,Extreme v2.16,159.99,328,5.25,16,4.25,Elongated,Raw carbon fiber,Polymer Honeycomb,125,6.88,
Engage,Pursuit Maxx EX 6.0,199.99,327,5,16,4.375,Standard,Raw carbon fiber,Polymer Honeycomb,117,7.69,
Engage,Pursuit Maxx MX 6.0,199.99,326,5.75,16,4.375,Elongated,Raw carbon fiber,Polymer Honeycomb,125,6.49,
Engage,Pursuit Pro MX 6.0,259.99,267,5.75,16,4.375,Elongated,Raw carbon fiber,Polymer Honeycomb,123,6.64,
Engage,Pursuit Pro MX,259.99,266,5.75,13,4.25,Elongated,Raw carbon fiber,Polymer Honeycomb,121,6.15,
Engage,Pursuit Pro EX 6.0,259.99,265,5,16,4.375,Standard,Raw carbon fiber,Polymer Honeycomb,114,7.19,
Engage,Pursuit Pro EX,259.99,264,5,13,4.25,Standard,Raw carbon fiber,Polymer Honeycomb,107,6.64,
Franklin,C45 Dynasty 14mm,229,605,5.6,14,4.3,Elongated,Raw carbon fiber,Polymer Honeycomb,112.13,5.74,
Franklin,C45 Tempo 14mm,229,604,5.1,14,4.3,Wide body,Raw carbon fiber,Polymer Honeycomb,98.28,6.36,
Franklin,C45 Tempo 16mm,229,603,5.1,16,4.3,Wide body,Raw carbon fiber,Polymer Honeycomb,100.45,6.37,
Franklin,C45 Dynasty 16mm,229,602,5.6,16,4.3,Elongated,Raw carbon fiber,Polymer Honeycomb,115.45,5.92,
Franklin,C45 14mm,229.99,490,5.7,14,4.3,Hybrid,Raw carbon fiber,Polymer Honeycomb,104,5.42,
Franklin,FS Tour Dynasty 12mm,149.99,389,5.6,12,4.3,Elongated,Raw carbon fiber,Polymer Honeycomb,104,5.57,
Franklin,FS Tour Tempo 12mm,149.99,388,5,12,4.3,Standard,Raw carbon fiber,Polymer Honeycomb,98,5.93,
Franklin,FS Tour Tempo 14mm,149.99,313,5,14,4.3,Standard,Raw carbon fiber,Polymer Honeycomb,114,7.15,
Franklin,FS Tour Tempo 16mm,149.99,312,5,16,4.3,Standard,Raw carbon fiber,Polymer Honeycomb,115,7.04,
Franklin,FS Tour Dynasty 14mm,149.99,311,5.6,14,4.3,Elongated,Raw carbon fiber,Polymer Honeycomb,121,6.45,
Franklin,FS Tour Dynasty 16mm,149.99,310,5.6,16,4.3,Elongated,Raw carbon fiber,Polymer Honeycomb,134,6.88,
Franklin,Signature Carbon STK 17mm,149.99,124,5.6,17,4.25,Elongated,Carbon Fiber,Polymer Honeycomb,120,6.6,
Franklin,Signature Carbon STK 14.5mm,149.99,123,5.6,14.5,4.375,Elongated,Carbon Fiber,Polymer Honeycomb,113,5.87,
Friday Pickle,Fever,129,591,5.5,16,4.25,Elongated,Raw carbon fiber,Polymer Honeycomb,110,5.84,
Friday Pickle,Challenger,89,372,5.5,16,4.25,Elongated,Raw carbon fiber,Polymer Honeycomb,122,6.38,
Friday Pickle,Original,99,294,5.5,16,4.25,Elongated,Carbon Fiber,Polymer Honeycomb,116,6.29,
Gamma,Airbender 16,199.99,323,5.37,16,4.125,Elongated,Raw carbon fiber,Polymer Honeycomb,112,5.51,
Gamma,Obsidian 16mm,159.99,322,5.37,16,4.125,Elongated,Raw carbon fiber,Polymer Honeycomb,120,6.46,
Gamma,Obsidian 13mm,159.99,321,5.37,13,4.125,Elongated,Raw carbon fiber,Polymer Honeycomb,115,6.05,
Gamma,Obsidian 10mm,159.99,320,5.37,10,4.125,Elongated,Raw carbon fiber,Polymer Honeycomb,114,5.79,
Gearbox,GX2 Power Elongated,280,609,5.5,16,4.0,Elongated,Raw carbon fiber,"Carbon Fiber,EVA Foam",117,5.89,
Gearbox,GX2 Power Hybrid,280,608,5.5,16,4.0,Hybrid,Raw carbon fiber,"EVA Foam,foam,Carbon Fiber",111,6.42,
Gearbox,GX2 Hyper,269.95,554,5.5,16,4.0,Standard,Raw carbon fiber,Carbon Fiber,109,6.27,
Gearbox,GX2 Integra XL,269.95,553,5.6,16,4.0,Hybrid,Raw carbon fiber,Carbon Fiber,116,5.53,
Gearbox,GX2 Elongated,269.95,552,5.4,16,4.0,Elongated,Raw carbon fiber,Carbon Fiber,119,5.55,
Gearbox,Pro Ultimate Hyper,274.99,477,5.5,16,4.0,Standard,Raw carbon fiber,Carbon Fiber,113,6.32,
Gearbox,Pro Ultimate Elongated,274.99,417,5.5,16,4.0,Elongated,Raw carbon fiber,Carbon Fiber,124,5.43,
Gearbox,G2 Elongated,119.99,335,5.5,14,4.125,Elongated,Carbon Fiber,Carbon Fiber,120,5.41,
Gearbox,G2 Quad,139.99,334,,14,4.125,Standard,Carbon Fiber,Carbon Fiber,104,6.11,
Gearbox,G2 Integra,139.99,333,5.5,14,4.125,Standard,Carbon Fiber,Carbon Fiber,113,5.54,
Gearbox,Pro Control Fusion,274.99,272,5.5,14,4.0,Standard,Raw carbon fiber,Carbon Fiber,112,5.06,
Gearbox,Pro Power Fusion,274.99,271,5.5,14,4.0,Standard,Raw carbon fiber,Carbon Fiber,110,4.96,
Gearbox,Pro Control Elongated,274.99,270,5.5,14,4.0,Elongated,Raw carbon fiber,Carbon Fiber,120,4.86,
Gearbox,Pro Power Elongated,274.99,269,5.5,14,4.0,Elongated,Raw carbon fiber,Carbon Fiber,119,5.02,
Gearbox,CX14E Ultimate,249.99,147,5.6,14,3.625 & 3.9,Elongated,Carbon Fiber,Carbon Fiber,119,5.12,
Gearbox,CX14H Ultimate,249.99,146,5.6,14,3.625 & 3.9,Standard,Carbon Fiber,Carbon Fiber,109,5.75,
Gearbox,GBX,199.99,143,5.5,16,4.25,Elongated,Carbon Fiber,Polymer Honeycomb,122,6.33,
Gearbox,CX14E,199.99,97,"5.60""",14mm,3.625 & 3.9,Elongated,Carbon Fiber,Carbon Fiber,101,4.29,
Gearbox,CX14H,199.99,87,"5.60""",14mm,3.625 & 3.9,Standard,Carbon Fiber,Carbon Fiber,91,5.16,
Gearbox,CX11E Power 7.8oz,199.99,79,"5.60""",11mm,3.625 & 3.9,Elongated,Carbon Fiber,Carbon Fiber,98,4.69,
Gearbox,CX11Q Power 7.8oz,199.99,71,"4.75""",11mm,3.625 & 3.9,Standard,Carbon Fiber,Carbon Fiber,91,5.15,
Gearbox,CX11E Power 8.5oz,199.99,68,"5.60""",11mm,3.625 & 3.9,Elongated,Carbon Fiber,Carbon Fiber,111,4.96,
Gearbox,CX11Q Control 7.8oz,199.99,67,"4.75""",11mm,3.625 & 3.9,Standard,Carbon Fiber,Carbon Fiber,93,5.35,
Gearbox,CX11Q Control 8.5oz,199.99,57,"4.75""",11mm,3.625 & 3.9,Standard,Carbon Fiber,Carbon Fiber,100,5.5,
Gearbox,CX11E Control 7.8oz,199.99,46,"5.60""",11mm,3.625 & 3.9,Elongated,Carbon Fiber,Carbon Fiber,102,4.65,
Gearbox,CX11E Control 8.5oz,199.99,41,"5.60""",11mm,3.625 & 3.9,Elongated,Carbon Fiber,Carbon Fiber,113,4.97,
Gearbox,CX11Q Power 8.5oz,199.99,35,"4.75""",11mm,3.625 & 3.9,Standard,Carbon Fiber,Carbon Fiber,99,5.69,
GRUVN,LAZR-16HD,179,622,5.5,16,4.125,Hybrid,Kevlar,EPP Foam,118.11,6.83,
GRUVN,LAZR-16X,169,522,5.5,16,4.125,Elongated,"Carbon Fiber,Kevlar",Polymer Honeycomb,117,6.33,
GRUVN,LAZR-16HD,169,492,5.5,16,4.125,Hybrid,"Carbon Fiber,Kevlar",Polymer Honeycomb,111,6.49,
GRUVN,MUVN 16V,159,366,4.75,16,4.25,Standard,Raw carbon fiber,Polymer Honeycomb,104,7.61,
GRUVN,MUVN 16H,159,332,5.75,16,4.25,Elongated,Raw carbon fiber,Polymer Honeycomb,119,6.07,
GRUVN,MUVN 16E,159,331,5.3,16,4.25,Elongated,Raw carbon fiber,Polymer Honeycomb,118,6.68,
GRUVN,MUVN 16S,159,330,5.3,16,4.25,Standard,Raw carbon fiber,Polymer Honeycomb,103,7.06,
GRUVN,MUVN 13S,159,303,5.3,13,4.125,Standard,Raw carbon fiber,Polymer Honeycomb,99,6.45,
GRUVN,MUVN 16X,159,209,5.5,16,4.125,Elongated,Raw carbon fiber,Polymer Honeycomb,117,6.36,
GRUVN,16E,99,56,"4.75""",16mm,4.375,Elongated,Raw carbon fiber,Polymer Honeycomb,113,6.38,
Gruvn,16H,99,55,"5.875""",16mm,4.5,Elongated,Raw carbon fiber,Polymer Honeycomb,120,5.82,
Gryp,Balance 1,200,302,5.5,15,4.25,Elongated,Raw carbon fiber,Polymer Honeycomb,113,5.93,
Head,Boom Team EX 2024,99.95,419,5.5,13,4.125,Elongated,"(Paint Grit),Carbon Fiber",Polymer Honeycomb,115,5.55,
Head,Boom Tour EX 2024,199.95,418,5.5,11,4.125,Elongated,Raw carbon fiber,Polymer Honeycomb,114,5.25,
Head,Radical Nite,219.95,353,5.5,15,4.125,Elongated,"Raw carbon fiber,(Paint Grit)",Polymer Honeycomb,116,5.85,
Holbrook,Arma S Metalic,279.99,585,5,14,4.25,Wide body,Raw carbon fiber,Polymer Honeycomb,114,7.11,
Holbrook,Arma T Carbon,259.99,584,5.5,14,4.25,Elongated,Raw carbon fiber,Polymer Honeycomb,120,6.3,
Holbrook,Arma X Metalic,279.99,583,5.25,14,4.25,Elongated,Raw carbon fiber,Polymer Honeycomb,115,6.17,
Holbrook,Arma T Metalic,279.99,582,5.5,14,4.25,Elongated,Raw carbon fiber,Polymer Honeycomb,119,6.15,
Holbrook,Arma S Carbon,259.99,581,5,14,4.25,Wide body,Raw carbon fiber,Polymer Honeycomb,110,6.91,
Holbrook,Aero X 16mm,199.99,473,5.25,16,4.25,Elongated,Raw carbon fiber,Polymer Honeycomb,111,5.94,
Holbrook,Aero T 16mm,199.99,472,5.5,16,4.25,Elongated,Raw carbon fiber,Polymer Honeycomb,113,5.73,
Holbrook,Power Pro E 14mm,219.99,318,5.25,14,4.25,Elongated,Raw carbon fiber,Polymer Honeycomb,119,6.37,
Holbrook,Power Pro E 16mm,219.99,317,5.25,16,4.25,Elongated,Raw carbon fiber,Polymer Honeycomb,117,6.44,
Holbrook,Power Pro 12mm,219.99,316,5.5,12,4.25,Elongated,Raw carbon fiber,Polymer Honeycomb,117,5.81,
Holbrook,Power Pro 14mm,219.99,315,5.5,14,4.25,Elongated,Raw carbon fiber,Polymer Honeycomb,120,6.13,
Holbrook,Power Pro 16mm,219.99,314,5.5,16,4.25,Elongated,Raw carbon fiber,Polymer Honeycomb,120,6.23,
Honolulu Pickleball,J3NF,195,631,6,16,4.125,Wide body,Raw carbon fiber,EPP Foam,109.87,6.52,
Honolulu Pickleball,J7NF,195,630,6,16,4.125,Extra Elongated,Raw carbon fiber,EPP Foam,115.12,5.71,
Honolulu Pickleball,J2NF LH,195,629,6,16,4.125,Hybrid,Raw carbon fiber,EPP Foam,109.47,6.4,
Honolulu Pickleball,J2NF,195,628,5.3,16,5.125,Hybrid,Raw carbon fiber,EPP Foam,110.56,6.68,
Honolulu Pickleball,J2NFK,195,615,5.3,16,4.125”,Hybrid,Kevlar,EPP Foam,111.75,6.84,
Honolulu Pickleball,J2NF,195,614,5.3,16,4.125”,Hybrid,Raw carbon fiber,EPP Foam,110.06,6.75,
Honolulu Pickleball,J2NFT,195,613,5.3,16,4.125,Hybrid,titanium (polyester threads),EPP Foam,112.85,6.78,
Honolulu Pickleball,J2H+,,575,5.5,16,4.125,Hybrid,Fiberglass,Polymer Honeycomb,111,6.85,
Honolulu Pickleball,J4K Pro,165,521,,16,4.125,Wide body,Kevlar,Polymer Honeycomb,104,7.92,
Honolulu Pickleball,J2XK,,517,6,16,4.125,Hybrid,Kevlar,Polymer Honeycomb,112,6.27,
Honolulu Pickleball,J4K,155,504,,16,4.125,Wide body,Kevlar,Polymer Honeycomb,107,8.18,
Honolulu Pickleball,J3 Ti,155,503,6,16,4.125,Standard,titanium (polyester threads),Polymer Honeycomb,114,6.98,
Honolulu Pickleball,J2K+,,494,5.5,16,4.125,Hybrid,Kevlar,Polymer Honeycomb,114,7,
Honolulu Pickleball,J2 Ti+,,493,5.5,16,4.125,Hybrid,titanium (polyester threads),Polymer Honeycomb,114,7.04,
Honolulu Pickleball,J2K 14mm,165,438,5.5,14,4.125,Hybrid,Kevlar,Polymer Honeycomb,113,6.67,
Honolulu Pickleball,J2 Ti,155,437,5.5,16,4.125,Hybrid,titanium (polyester threads),Polymer Honeycomb,114,6.87,
Honolulu Pickleball,J5,165,400,5.75,16,4.125,Elongated,Raw carbon fiber,Polymer Honeycomb,128,6.14,
Honolulu Pickleball,J2H,145,399,5.5,16,4.125,Hybrid,"Raw carbon fiber,Fiberglass",Polymer Honeycomb,113,7.13,
Honolulu Pickleball,J3,145,398,6,16,4.125,Standard,Raw carbon fiber,Polymer Honeycomb,113,7.15,
Honolulu Pickleball,J7K Pro,165,397,6,16,4.125,Elongated,Kevlar,Polymer Honeycomb,120,6.34,
Honolulu Pickleball,J7K,155,396,6,16,4.125,Elongated,Kevlar,Polymer Honeycomb,121,6.39,
Honolulu Pickleball,J3K Pro,165,395,6,16,4.125,Standard,Kevlar,Polymer Honeycomb,111,6.95,
Honolulu Pickleball,J3K ,155,394,6,16,4.125,Standard,Kevlar,Polymer Honeycomb,117,7.28,
Honolulu Pickleball,J2K Pro,165,356,5.5,16,4.125,Hybrid,Kevlar,Polymer Honeycomb,113,6.91,
Honolulu Pickleball,J2K 16mm,155,355,5.5,16,4.125,Hybrid,Kevlar,Polymer Honeycomb,113,6.95,
Honolulu Pickleball,J1H,185,301,5.75,16,4.125,Elongated,"Raw carbon fiber,Fiberglass",Polymer Honeycomb,120,6.54,
Honolulu Pickleball,J1,185,300,5.75,16,4.125,Elongated,Raw carbon fiber,Polymer Honeycomb,117,6.65,
Honolulu Pickleball,J2,145,299,5.5,16,4.125,Hybrid,Raw carbon fiber,Polymer Honeycomb,113,6.82,
Hudef,Viva Pro Gen 2,,339,,16,4.25,Elongated,Raw carbon fiber,Polymer Honeycomb,124,6.45,
Hudef,Apex Pro 14mm,89,229,4.9,14,4.125,Standard,Raw carbon fiber,Polymer Honeycomb,103,6.56,
Hudef,Apex Pro 16mm,89,228,4.9,16,4.25,Standard,Raw carbon fiber,Polymer Honeycomb,112,6.92,
Hudef,Viva Pro 14mm,99,185,5.5,14,4.125,Elongated,Raw carbon fiber,Polymer Honeycomb,117,6.5,
Hudef,Viva Pro 16mm,99,184,5.5,16,4.25,Elongated,Raw carbon fiber,Polymer Honeycomb,120,6.81,
Joola,Hyperion Pro IV 16mm,279.95,564,5.5,16,4.25,Elongated,Raw carbon fiber,Polymer Honeycomb,114,6.11,
Joola,Magnus Pro IV 16mm,279.95,563,5.25,16,4.25,Elongated,Raw carbon fiber,Polymer Honeycomb,115,6.19,
Joola,Magnus Pro IV 14mm,279.95,562,5.25,14,4.125,Elongated,Raw carbon fiber,Polymer Honeycomb,110,5.94,
Joola,Scorpeus Pro IV 16mm,279.95,561,5.5,16,4.25,Standard,Raw carbon fiber,Polymer Honeycomb,112,7.11,
Joola,Scorpeus Pro IV 14mm,279.95,560,5.5,14,4.125,Standard,Raw carbon fiber,Polymer Honeycomb,111,7.12,
Joola,Agassi Pro IV 16mm,279.95,541,5.5,16,4.25,Elongated,Raw carbon fiber,Polymer Honeycomb,117,6.17,
Joola,Perseus Pro IV 14mm,279.95,540,5.5,14,4.125,Elongated,Raw carbon fiber,Polymer Honeycomb,113,5.9,
Joola,Perseus Pro IV 16mm,279.95,539,5.5,16,4.25,Elongated,Raw carbon fiber,Polymer Honeycomb,118,6.14,
Joola,Hyperion 3S 14mm,279.95,436,5.5,14,4.125,Elongated,Raw carbon fiber,Polymer Honeycomb,113,5.9,
Joola,Scorpeus 3S 14mm,279.95,435,5.5,14,4.125,Standard,Raw carbon fiber,Polymer Honeycomb,108,6.64,
Joola,Scorpeus 3S 16mm,279.95,427,5.5,16,4.25,Standard,Raw carbon fiber,Polymer Honeycomb,115,7.2,
Joola,Hyperion 3S 16mm,279.95,426,5.5,16,4.25,Elongated,Raw carbon fiber,Polymer Honeycomb,117,6.13,
Joola,Magnus 3S 14mm,279.95,425,5.25,14,4.125,Elongated,Raw carbon fiber,Polymer Honeycomb,117,6.15,
Joola,Magnus 3S 16mm,279.95,424,5.25,16,4.25,Elongated,Raw carbon fiber,Polymer Honeycomb,114,6.51,
Joola,Perseus 3S 14mm,279.95,423,5.5,14,4.125,Elongated,Raw carbon fiber,Polymer Honeycomb,119,6.03,
Joola,Perseus 3S 16mm,279.95,422,5.5,16,4.25,Elongated,Raw carbon fiber,Polymer Honeycomb,119,6.32,
Joola,Mod TA-15 14mm,279.95,421,5.5,14,4.125,Elongated,Raw carbon fiber,Polymer Honeycomb,114,5.82,
Joola,Mod TA-15 16mm,279.95,420,5.5,16,4.25,Elongated,Raw carbon fiber,Polymer Honeycomb,118,6.15,
Joola,Hyperion3 14mm,279.99,364,5.5,14,4.125,Elongated,Raw carbon fiber,Polymer Honeycomb,113,5.78,
Joola,Hyperion3 16mm,279.99,363,5.5,16,4.25,Elongated,Raw carbon fiber,Polymer Honeycomb,117,6.09,
Joola,Magnus3 14mm,279.99,362,5.25,14,4.125,Elongated,Raw carbon fiber,Polymer Honeycomb,113,6.15,
Joola,Magnus3 16mm,279.99,361,5.25,16,4.25,Elongated,Raw carbon fiber,Polymer Honeycomb,120,6.36,
Joola,Perseus3 14mm,279.99,360,5.5,14,4.125,Elongated,Raw carbon fiber,Polymer Honeycomb,115,5.83,
Joola,Perseus3 16mm,279.99,359,5.5,16,4.25,Elongated,Raw carbon fiber,Polymer Honeycomb,117,6.08,
Joola,Scorpeus3 14mm,279.99,358,5.25,14,4.125,Standard,Raw carbon fiber,Polymer Honeycomb,109,6.73,
Joola,Scorpeus3 16mm,279.99,357,5.25,16,4.25,Standard,Raw carbon fiber,Polymer Honeycomb,111,6.99,
Joola,Solaire 14mm Swift,189.95,212,5.5,14,4.125,Standard,Raw carbon fiber,Polymer Honeycomb,109,6.53,
Joola,Scorpeus Anna Bright 14mm,249.99,192,5.5,14,4.125,Standard,Raw carbon fiber,Polymer Honeycomb,111,6.5,
Joola,Scorpeus Collin Johns 16mm,249.99,191,5.5,16,4.25,Standard,Raw carbon fiber,Polymer Honeycomb,112,6.83,
Joola,Perseus 14mm,249.99,190,5.5,14,4.125,Elongated,Raw carbon fiber,Polymer Honeycomb,112,5.72,
Joola,Perseus 16mm,249.99,189,5.5,16,4.25,Elongated,Raw carbon fiber,Polymer Honeycomb,116,5.87,
Joola,Hyperion CFS 14mm Swift,219.95,121,5.50,14mm,4.125,Elongated,Raw carbon fiber,Polymer Honeycomb,112,5.82,
Joola,Hyperion CFS Swift 16mm,219.95,119,5.50”,16mm,4.125-4.25,Elongated,Raw carbon fiber,Polymer Honeycomb,113,6.18,
Joola,Hyperion CFS 14mm,219.95,116,5.50”,14mm,4.25,Elongated,Raw carbon fiber,Polymer Honeycomb,113,5.74,
Joola,Solaire 14mm,189.95,96,"5.50""",14mm,4.125,Standard,Raw carbon fiber,Polymer Honeycomb,119.0,,
Joola,Hyperion CFS 16mm,219.99,92,"5.50""",16mm,4.25,Elongated,Raw carbon fiber,Polymer Honeycomb,127,6.71,
Joola,Radius,179.95,91,"5.0""",16mm,4.125,Teardrop,Raw carbon fiber,Polymer Honeycomb,98,,
Joola,Vision 14mm,169.95,81,"5.50""",14mm,4.125,Elongated,Raw carbon fiber,Polymer Honeycomb,109.0,5.23,
Joola,Hyperion CAS 13.5,159.95,72,"5.50""",13.5mm,4.25,Elongated,Raw carbon fiber,Polymer Honeycomb,117,5.9,
Joola,Vision 16mm,169.95,69,"5.50""",16mm,4.125,Elongated,Raw carbon fiber,Polymer Honeycomb,113.0,5.6,
Joola,Hyperion CAS 16,159.95,61,"5.50""",16mm,4.25,Elongated,Raw carbon fiber,Polymer Honeycomb,124,6.46,
Kiwi Labs,Slice,145,247,5.5,16,4.4,Standard,Raw carbon fiber,Polymer Honeycomb,116,6.46,
Legacy,Pro S,149.99,250,4.85,16,4.125,Standard,Raw carbon fiber,Polymer Honeycomb,114,,
Mark Pickleball,Mark Two,159.99,380,5.5,16,4.125,Elongated,"Kevlar,Carbon Fiber",Polymer Honeycomb,120,6.57,
Mark Pickleball,Mark One,159.99,379,5.3,16,4.125,Hybrid,"Kevlar,Carbon Fiber",Polymer Honeycomb,117,6.51,
Mark Pickleball,Mark OneX,159.99,378,5.75,16,4.125,Hybrid,"Carbon Fiber,Kevlar",Polymer Honeycomb,116,6.57,
Neonic,Flow Swift,,516,5.5,16,4.125,Hybrid,titanium (polyester threads),Polymer Honeycomb,114,6.3,
Neonic,Flow Prime X,129.99,463,5.5,16,4.125,Hybrid,"Raw carbon fiber,Fiberglass",Polymer Honeycomb,110,6.13,
Neonic,Flare Prime X,139.99,462,5.5,16,4.125,Standard,"Raw carbon fiber,Fiberglass",Polymer Honeycomb,106,6.64,
Neonic,Flare Ti,149.99,439,5.5,16,4.125,Standard,Raw carbon fiber,Polymer Honeycomb,114,7.01,
Neonic,Flow,129.99,336,5.5,16,4.25,Hybrid,Raw carbon fiber,Polymer Honeycomb,116,6.61,
Neonic,Force,99.99,308,5.3,16,4.25,Elongated,Raw carbon fiber,Polymer Honeycomb,117,6.61,
Nexus,ProStar,169.99,432,5.5,16,4.25,Elongated,titanium (polyester threads),"Polymer Honeycomb,Foam injected cells",124,6.34,
Omega,Evolution Pro,129.99,38,"5.62""",16mm,4.375,Elongated,Fiberglass,Polymer Honeycomb,130,6.6,
Omega,Evolution Elite,149.99,32,"5.0""",9.5mm,4.25,Standard,Carbon Fiber,Polymer Honeycomb,93,4.86,
Omega,Evolution Max,109.99,27,"5.0""",12.7mm,4.25,Standard,Carbon Fiber,Polymer Honeycomb,111.0,6.46,
Onix,Malice 14,249.99,244,5,14,4.25,Standard,(Composite),Polymer Honeycomb,104,5.98,
Onix,Malice DB 16,249.99,242,5,16,4.25,Standard,(Composite),Polymer Honeycomb,100,5.85,
Onix,Mayhem Max Control,209.99,239,5.35,16,4.25,Standard,(Composite),Polymer Honeycomb,118,8.34,
Onix,Z5,89.99,108,5.0”,13mm,4.25,Wide body,Graphite,Nomex,101,7.31,
Onix,Premier,149.99,52,"5.0""",13mm,4.125,Wide body,(Composite),Polymer Honeycomb,115,7.28,
Oya,Obsidian,169.99,205,6.25,16,4.25,Elongated,Raw carbon fiber,Polymer Honeycomb,111,5.74,
Oya,Phantom,169.99,204,6.25,16,4.25,Elongated,Carbon Fiber,Polymer Honeycomb,123,6.45,
Oya,Phantom Max,169.99,203,7,16,4.25,Elongated,Carbon Fiber,Polymer Honeycomb,123,5.47,
Oya,Obsidian Max,169.99,200,7,16,4.25,Elongated,Raw carbon fiber,Polymer Honeycomb,111,4.74,
Paddletek,Bantam GTO-C 14.3mm,250,607,5.5,14.3,4.25,Hybrid,Raw carbon fiber,Polymer Honeycomb,115.74,6.72,
Paddletek,Bantam GTO-C 12.7mm,250,606,5.5,12.7,4.25,Hybrid,Raw carbon fiber,Polymer Honeycomb,117.93,7.42,
Paddletek,Bantam ESQ-C 14.3mm,249.99,441,5.5,14.3,4.25,Standard,"Raw carbon fiber,Fiberglass",Polymer Honeycomb,106,6.8,
Paddletek,Bantam ESQ-C 12.7mm,249.99,440,5.5,12.7,4.25,Standard,"Raw carbon fiber,Fiberglass",Polymer Honeycomb,103,6.7,
Paddletek,Bantam TKO-CX 12.7mm,249.99,377,5.75,12.7,4.25,Elongated,"Raw carbon fiber,Fiberglass",Polymer Honeycomb,121,7.11,
Paddletek,Bantam TKO-CX 14.3mm,249.99,376,5.75,14.3,4.25,Elongated,"Raw carbon fiber,Fiberglass",Polymer Honeycomb,122,7.1,
Paddletek,Bantam TKO-C 12.7mm,249.99,375,5.25,12.7,4.25,Elongated,"Raw carbon fiber,Fiberglass",Polymer Honeycomb,112,6.27,
Paddletek,Bantam TKO-C 14.3mm,249.99,374,5.25,14.3,4.25,Elongated,"Raw carbon fiber,Fiberglass",Polymer Honeycomb,118,6.6,
Paddletek,Bantam ALW-C 12.7mm,249.99,296,5.25,12.7,4.25,Standard,"Raw carbon fiber,Fiberglass",Polymer Honeycomb,102,6.53,
Paddletek,Bantam ALW-C 14.3mm,249.99,295,5.25,14.3,4.25,Standard,"Raw carbon fiber,Fiberglass",Polymer Honeycomb,103,6.56,
Paddletek,Reign v3,199.99,261,5.25,12.7,4.125 & 4.375,Elongated,Carbon Fiber,Polymer Honeycomb,110,5.78,
Paddletek,Reign Pro v3,209.99,260,5.25,14.3,4.125 & 4.375,Elongated,Carbon Fiber,Polymer Honeycomb,114,5.52,
Paddletek,Wave v3,199.99,259,5.25,12.7,4.125 & 4.375,Standard,Carbon Fiber,Polymer Honeycomb,110,6.87,
Paddletek,Wave Pro v3,209.99,258,5.25,14.3,4.125 & 4.375,Standard,Carbon Fiber,Polymer Honeycomb,105,6.25,
Paddletek,TS-5,99.99,165,5,13,4.25,Standard,Fiberglass,Polymer Honeycomb,103,6.68,
Pickleball Apes,Charm x,199,660,5.75,16,4.25,Elongated,Kevlar,EPP Foam,123.4,6.13,
Pickleball Apes,Charm v,199,659,5.5,16,4.25,Wide body,Kevlar,EPP Foam,111.93,7.19,
Pickleball Apes,Charm s,199,658,5.5,16,4.25,Hybrid,Kevlar,EPP Foam,116.33,6.16,
Pickleball Apes,Harmony S,179,612,5.5,16,4.25,Hybrid,Raw carbon fiber,Polymer Honeycomb,112.3,6.06,
Pickleball Apes,Harmony V,179,611,5.5,16,4.25,Wide body,Raw carbon fiber,Polymer Honeycomb,106.69,7,
Pickleball Apes,Harmony X,179,610,5.75,16,4.25,Elongated,Raw carbon fiber,Polymer Honeycomb,120.77,5.97,
Pickleball Apes,Pulse X,199.99,502,,16.5,4.25,Elongated,Kevlar,Polymer Honeycomb,122,6.16,
Pickleball Apes,Pulse E,199.99,450,6.25,16.5,4.25,Extra Elongated,Kevlar,Polymer Honeycomb,124,5.79,
Pickleball Apes,Pulse S,199.99,449,5.5,16.5,4.25,Hybrid,Kevlar,Polymer Honeycomb,113,6.27,
Pickleball Apes,Pulse V,199.99,448,5.5,16.5,4.25,Wide body,Kevlar,Polymer Honeycomb,110,7.34,
Pickleball Apes,Pro Line Energy S,169.99,281,5.5,16.4,4.25,Elongated,"Kevlar,Carbon Fiber",Polymer Honeycomb,118,6.34,
Pickleball Apes,Neo Line One,69.99,243,5.5,16,4.5,Elongated,Raw carbon fiber,Polymer Honeycomb,117,6.04,
Pickleball Apes,Pro Line Energy,149.99,197,6.25,16.5,4.25,Elongated,"Kevlar,Carbon Fiber",Polymer Honeycomb,120,5.66,
Pickleball Poker,The Bet,75.99,309,6,16,4.25,Elongated,Raw carbon fiber,Polymer Honeycomb,123,5.48,
PIKKL,Hurricane Pro 14mm,159.99,351,5.5,14,4.25,Standard,Raw carbon fiber,Polymer Honeycomb,106,6.52,
PIKKL,Hurricane Pro 16mm,159.99,350,5.5,16,4.25,Standard,Raw carbon fiber,Polymer Honeycomb,108,6.71,
PIKKL,Vantage Pro 14mm,139,279,5.35,14,4.25,Hybrid,Raw carbon fiber,Polymer Honeycomb,114,6.3,
PIKKL,Vantage Pro 16mm,139,278,5.35,16,4.25,Hybrid,Raw carbon fiber,Polymer Honeycomb,120,6.75,
Pro Kennex,Black Ace LG 14mm,280,509,5.9,14,4,Elongated,Raw carbon fiber,Polymer Honeycomb,106,5.34,
Pro Kennex,Black Ace 14mm,280,508,5.3,14,4,Wide body,Raw carbon fiber,Polymer Honeycomb,100,6.33,
Pro Kennex,Black Ace 16mm,280,507,5.3,16,4,Wide body,Raw carbon fiber,Polymer Honeycomb,105,6.22,
Pro Kennex,Black Ace XF 14mm,280,506,5.1,14,4,Elongated,Raw carbon fiber,Polymer Honeycomb,102,5.29,
Pro Kennex,Black Ace LG Daniel de la Rosa,249.99,352,5.8,10,4.0,Elongated,Raw carbon fiber,Polymer Honeycomb,107,5.42,
Pro Kennex,Black Ace Pro,249.99,134,5.3,10,4.0,Standard,Raw carbon fiber,Polymer Honeycomb,100,6.25,
Pro Kennex,Black Ace Pro Ovation,249.99,133,5.4,10,4.0,Standard,Raw carbon fiber,Polymer Honeycomb,101,5.92,
Pro Kennex,Pro Speed II,169.95,70,"4.875""",11mm,4.0,Wide body,"Carbon Fiber,Fiberglass",Polymer Honeycomb,,,
Pro Kennex,Pro Flight,189.95,62,"4.875""",11mm,4.0,Wide body,Carbon Fiber,Polymer Honeycomb,89,5.36,
ProDrive,Maverick,265,505,5.5,16,4.125,Hybrid,"Raw carbon fiber,Kevlar","Polymer Honeycomb,Nomex",114,5.76,
ProDrive,Encounter,219,290,5.5,16,4.25,Elongated,Raw carbon fiber,"Polymer Honeycomb,Nomex",116,5.45,
ProDrive,Ghost,189,219,5.5,16,4.125,Elongated,Raw carbon fiber,Nomex,114,6.59,
ProDrive,Drive Carbon,199,218,5,19,4.25,Elongated,Raw carbon fiber,"Polymer Honeycomb,kevlar",132,7.56,
ProDrive,Drive,199,111,5.0”,19mm,4.125,Elongated,Carbon Fiber,"Polymer Honeycomb,kevlar",130,7.26,
Professor,PhD,99.99,298,5.5,16,4.25,Elongated,Raw carbon fiber,Polymer Honeycomb,119,5.95,
Proton,Series 1 Type A Square 11mm,280,373,5.25,11,4.25,Standard,Carbon Fiber,Polymer Honeycomb,118,6.95,
ProXR,Signature 16mm 2024,209.99,405,6,16,4.0,Elongated,Raw carbon fiber,Polymer Honeycomb,121,6.1,
ProXR,Zane Signature Carbon 13mm 2024,209.99,404,6,13,4.0,Elongated,Raw carbon fiber,Polymer Honeycomb,116,5.6,
ProXR,The Standard 16mm 2024,209.99,403,5.25,16,4.0,Standard,Raw carbon fiber,Polymer Honeycomb,116,7.4,
ProXR,The Standard 13mm 2024,209.99,402,5.25,13,4.0,Standard,Raw carbon fiber,Polymer Honeycomb,115,7,
Reload,RLD 1-16,200,416,5.5,16,4.25,Elongated,Raw carbon fiber,Polymer Honeycomb,122,6.2,
Rokne,Aeroblade,299.99,324,5.5,16,4.25,Elongated,3k carbon fiber,Polymer Honeycomb,133,5.71,
Rokne,Curve Classic,89.99,66,"5.50""",13mm,4.25,Elongated,Fiberglass,Polymer Honeycomb,123,,
Rokne, X,179.99,25,"5.25""",16mm,4.25,Elongated,Carbon Fiber,Polymer Honeycomb,109,,
Ronbus,Quanta R1,119.99,639,5.5,16,4.25,Elongated,Raw carbon fiber,EPP Foam,107.34,5.52,
Ronbus,Quanta R3,119.99,638,5.5,16,4.25,Elongated,Raw carbon fiber,EPP Foam,111.27,5.52,
Ronbus,Quanta R2,119.99,637,5.5,16,4.25,Wide body,Raw carbon fiber,EPP Foam,101.64,6.16,
Ronbus,Quanta R4,119.99,636,5.5,16,4.25,Hybrid,Raw carbon fiber,EPP Foam,105.48,5.76,
Ronbus,Quanta R5,119.99,634,5.5,16,4.25,Wide body,Raw carbon fiber,EPP Foam,103.62,6.13,
Ronbus,Ripple v2 R5,280,620,4.125,14,5.5,Wide body,Raw carbon fiber,Carbon Fiber,113.2,6.12,
Ronbus,Ripple R2.14 v2,279.99,588,5.5,14,4.125,Standard,Raw carbon fiber,EVA Foam,118,6.53,
Ronbus,Ripple R1.14 v2,279.99,587,5.5,14,4.125,Elongated,Raw carbon fiber,EVA Foam,126,5.66,
Ronbus,Ripple R4.14 v2,279.99,586,5.5,14,4.125,Hybrid,Raw carbon fiber,EVA Foam,117,5.73,
Ronbus,Ripple R1.14 beta,260,481,5.5,14,4.125,Elongated,Raw carbon fiber,"EVA Foam,Carbon Fiber",114,5.52,
Ronbus,Pulsar FX3,180,386,5.5,16,4.125,Elongated,Raw carbon fiber,Polymer Honeycomb,123,6.29,
Ronbus,Pulsar FX2,180,385,5.5,16,4.125,Standard,Raw carbon fiber,Polymer Honeycomb,112,7.05,
Ronbus,Pulsar FX1,180,384,5.5,16,4.125,Elongated,Raw carbon fiber,Polymer Honeycomb,119,6.29,
Ronbus,Nova.R3,180,280,5.5,16,4.125,Elongated,Raw carbon fiber,Polymer Honeycomb,121,6.08,
Ronbus,Nova.R1,180,262,5.5,16,4.125,Elongated,Raw carbon fiber,Polymer Honeycomb,114,5.81,
Ronbus,R1 Pulsar (5.5” handle),169.99,221,5.5,16,4.125,Elongated,Raw carbon fiber,Polymer Honeycomb,117,6.22,
Ronbus,R3 Pulsar,169.99,188,5.5,16,4.125,Elongated,Raw carbon fiber,Polymer Honeycomb,124,6.39,
Ronbus,R1 Pulsar (5.25” handle),169.99,187,5.25,16,4.125,Hybrid,Raw carbon fiber,Polymer Honeycomb,113,6.19,
Ronbus,R1.16,120,149,5.5,16,4.25,Elongated,Raw carbon fiber,Polymer Honeycomb,117,6.19,
Selkirk,Boomstik elongated,333,627,5.8,16,4.25,Elongated,Infinigrit,EPP Foam,118.15,6.91,
Selkirk,Boomstik widebody,333,626,5.5,16,4.25,Wide body,Infinigrit,EPP Foam,113,8.21,
Selkirk,Boomstik elongated,333,625,5.8,16,4.25,Elongated,Infinigrit,EPP Foam,118.15,6.91,
Selkirk,Vanguard Invikta Control Lightweight,199.99,349,5.5,16,4.25,Elongated,Raw carbon fiber,Polymer Honeycomb,104,5.3,
Selkirk,Vanguard Invikta Control Midweight,199.99,348,5.5,16,4.25,Elongated,Raw carbon fiber,Polymer Honeycomb,114,5.81,
Selkirk,Vanguard Epic Control,199.99,347,5.3,16,4.25,Standard,Raw carbon fiber,Polymer Honeycomb,110,6.21,
Selkirk,Vanguard S2 Control,199.99,346,4.7,16,4.25,Standard,Raw carbon fiber,Polymer Honeycomb,105,6.98,
Selkirk,Luxx Control Air S2,249.99,289,4.5,20,4.25,Standard,Carbon Fiber,Polymer Honeycomb,109,7.11,
Selkirk,Luxx Contral Air Epic,249.99,288,5.25,20,4.25,Standard,Carbon Fiber,Polymer Honeycomb,113,6.33,
Selkirk,Luxx Control Air Invikta,249.99,274,5.35,20,4.25,Elongated,Carbon Fiber,Polymer Honeycomb,114,5.83,
Selkirk,Vanguard Power Air Invikta,249.99,74,"5.25""",13mm,4.25,Elongated,"Carbon Fiber,Fiberglass",Polymer Honeycomb,112,5.58,
Selkirk Labs,Project 008 Invikta 16mm,288,589,5.5,16,4.25,Elongated,Raw carbon fiber,EPP Foam,111,5.66,
Selkirk Labs,Project 008 Invikta 10mm,288,530,5.5,10,4.25,Elongated,Raw carbon fiber,foam,109,5.18,
Selkirk Labs,Project 008 Epic 13mm,288,529,5.3,13,4.25,Wide body,Raw carbon fiber,foam,103,5.33,
Selkirk Labs,Project 008 Invikta 13mm,288,528,5.5,13,4.25,Elongated,Raw carbon fiber,foam,107,5.86,
Selkirk Labs,Project 008 Tour 13mm,288,527,6,13,4.25,Elongated,Raw carbon fiber,foam,114,5.33,
Selkirk Labs,Project 008 Tour 16mm,288,526,6,16,4.25,Elongated,Raw carbon fiber,foam,116,5.5,
Selkirk Labs,Project 007 Epic 14mm,333,466,5.25,14,4.25,Standard,"Carbon Fiber,(Paint Grit)",Polymer Honeycomb,111,6.32,
Selkirk Labs,Project 007 Invikta 10mm,333,465,5.5,10,4.25,Elongated,"Carbon Fiber,(Paint Grit)",Polymer Honeycomb,107,5.21,
Selkirk Labs,Project 007 Invikta 14mm,333,464,5.5,14,4.25,Elongated,"Carbon Fiber,(Paint Grit)",Polymer Honeycomb,122,6.08,
Selkirk Labs,Project 005 Epic,222,196,5.25,16,4.25,Standard,Fiberglass,Polymer Honeycomb,107,6.67,
Selkirk Labs,Project 005 Invikta,222,195,5.25,16,4.25,Elongated,Fiberglass,Polymer Honeycomb,120,6.13,
Selkirk Labs,Project 006 Tour,333,194,5.75,16,4.25,Elongated,Raw carbon fiber,Polymer Honeycomb,117,5.89,
Selkirk Labs,Project 003 Invikta,333,114,5.50”,20mm,4.25,Elongated,Carbon Fiber,Polymer Honeycomb,105,5.44,
Selkirk Labs,Project 001 Epic,333,94,"5.25""",13mm,4.0,Standard,Carbon Fiber,Polymer Honeycomb,103.0,,
Selkirk Labs,Project 001 Invikta,333,86,"5.25""",13mm,4.0,Standard,Carbon Fiber,Polymer Honeycomb,,,
Selkirk Labs,Project 002 Invikta,333,84,"5.25""",13mm,4.25,Elongated,"Carbon Fiber,Fiberglass",Polymer Honeycomb,113.0,,
Selkirk Labs,Project 003 Epic,333,82,"5.25""",20mm,4.25,Standard,Carbon Fiber,Polymer Honeycomb,98,,
SixZero,Coral hybrid,200,664,5.5,16,4.25,Hybrid,Raw carbon fiber,Full foam,112.05,6.37,
SixZero,Black Opal,250,663,5.5,14,4.25,Hybrid,Raw carbon fiber,Full foam,113.4,6.07,
SixZero,Coral widebody,200,662,5.5,16,4.25,Wide body,Raw carbon fiber,Full foam,108.3,7.13,
SixZero,Coral elongated,200,661,5.75,16,4.25,Elongated,Raw carbon fiber,Full foam,113.47,5.77,
SixZero,Quartz,99.99,412,5,16,4.25,Standard,Raw carbon fiber,Polymer Honeycomb,108,6.67,
SixZero,Ruby 14mm,199,406,5.5,14,4.25,Hybrid,Kevlar,Polymer Honeycomb,116,6.59,
SixZero,Triple Black Diamond,220,390,6,16,4.25,Elongated,Raw carbon fiber,Polymer Honeycomb,125,6.11,
SixZero,Black Diamond Infinity,220,337,5.5,16,4.25,Hybrid,Raw carbon fiber,Polymer Honeycomb,108,5.67,
SixZero,Ruby 16mm,199,304,5.5,16,4.25,Hybrid,Kevlar,Polymer Honeycomb,117,6.68,
SixZero,Double Black Diamond Infinity ,220,291,5.5,16,4.25,Hybrid,Raw carbon fiber,Polymer Honeycomb,110,5.9,
SixZero,Sapphire,86,155,5.6,13,4.25,Elongated,Carbon Fiber,Polymer Honeycomb,108,5.5,
SixZero,Double Black Diamond 14mm ,180,153,5.5,14,4.25,Hybrid,Raw carbon fiber,Polymer Honeycomb,110,6.28,
SixZero,Double Black Diamond 16mm,180,132,5.5,16,4.25,Hybrid,Raw carbon fiber,Polymer Honeycomb,114,6.59,
SixZero,Black Diamond 16mm,180,131,5.5,16,4.25,Hybrid,Fiberglass,Polymer Honeycomb,116,6.65,
SLK,ERA Power Widebody,199,601,5.6,16,4.25,Wide body,Raw carbon fiber,Polymer Honeycomb,108,6.87,
SLK,ERA Power Elongated,199,600,5.8,16,4.25,Elongated,Raw carbon fiber,Polymer Honeycomb,116,6.17,
SLK,Halo Pro XL 14mm,150,476,5.75,14,4.25,Elongated,Kevlar,Polymer Honeycomb,124,5.89,
SLK,Halo Pro Max 14mm,150,475,4.85,14,4.25,Standard,Kevlar,Polymer Honeycomb,111,7.1,
SLK,Halo Power XL 13mm,130,434,5.75,13,4.25,Elongated,Raw carbon fiber,Polymer Honeycomb,117,5.79,
SLK,Halo Control XL 16mm,130,433,5.75,16,4.25,Elongated,Raw carbon fiber,Polymer Honeycomb,114,5.44,
SLK,EVO 2.0 Hybrid XL,99.99,230,5.75,13,4.25,Elongated,Carbon Fiber,Polymer Honeycomb,107,5.4,
SLK,EVO 2.0 Power XL,99.99,227,5.75,13,4.25,Elongated,Carbon Fiber,Polymer Honeycomb,111,6.36,
SLK,EVO 2.0 Control XL,99.99,226,5.75,16,4.25,Elongated,Carbon Fiber,Polymer Honeycomb,109,5.59,
SLK,Omega Max,139.99,50,"5.0""",13mm,4.25,Standard,"Carbon Fiber,Fiberglass",Polymer Honeycomb,103,6.2,
SLK,Evo Soft Max,119.99,30,"4.875""",16mm,4.25,Standard,Carbon Fiber,Polymer Honeycomb,105.0,,
Spartus,P1,219,668,5.3,16,4.125,Wide body,Permagrit,EPP Foam,117.09,6.51,
Spartus,Oracle Apex,94.95,557,5.5,16,4.25,Standard,Raw carbon fiber,Polymer Honeycomb,106,6.83,
Spartus,Odyssey Apex,94.95,556,5.35,16,4.25,Hybrid,Raw carbon fiber,Polymer Honeycomb,108,6.39,
Spartus,Orion Apex,94.95,555,5.875,16,4.25,Elongated,Raw carbon fiber,Polymer Honeycomb,111,5.91,
Spartus,Olympus,199.99,410,5.5,14,4.25,Hybrid,Raw carbon fiber,Polymer Honeycomb,113,6.24,
Spartus,Apollo,129.99,365,5.5,16,4.125,Standard,Kevlar,Polymer Honeycomb,107,7.48,
Spartus,Gladius Centurion,99.99,305,5.5,16,4.125,Elongated,Raw carbon fiber,Polymer Honeycomb,118,5.93,
Spartus,Gladius 16,84.99,245,5.5,16,4.3,Elongated,Raw carbon fiber,Polymer Honeycomb,125,6.19,
Spartus,Ballista,159.99,216,5.4,16,4.25,Elongated,Carbon Fiber,Polymer Honeycomb,110,5.66,
Speed Up,Ice 16mm,119.99,341,6,16,4.125,Elongated,Raw carbon fiber,Polymer Honeycomb,121,6.03,
Speed Up,Fire 14mm,119.99,340,6,14,4.125,Elongated,Raw carbon fiber,Polymer Honeycomb,114,5.78,
Technifibre,TF Blitz,199,497,6,15,4.25,Extra Elongated,Raw carbon fiber,Polymer Honeycomb,121,5.7,
Technifibre,TF Select 15mm,219,496,5.5,15,4.25,Hybrid,Kevlar,Polymer Honeycomb,115,6.59,
Technifibre,TF Command 15mm,209,495,5,15,4.25,Wide body,Raw carbon fiber,Polymer Honeycomb,109,6.78,
Thompson,515 Twill,249.99,431,5.25,14,4.125,Elongated,Raw carbon fiber,Polymer Honeycomb,116,6.78,
Thompson,515 Uni,249.99,430,5.25,14,4.125,Elongated,Raw carbon fiber,Polymer Honeycomb,108,6.53,
Thrive,Smoke,220,534,5.5,14.5,4.25,Elongated,Raw carbon fiber,Polymer Honeycomb,117,6.07,
Thrive,Surge,199,429,5.5,16,4.125,Hybrid,Raw carbon fiber,Polymer Honeycomb,117,6.77,
Thrive,AZUL,199,354,5.5,16,4.125,Hybrid,"Kevlar,Carbon Fiber",Polymer Honeycomb,116,6.62,
Vatic Pro,V-sol Power v7 LH,109.99,654,5.6,16,4.125,Elongated,Raw carbon fiber,EPP Foam,119.19,6.1,
Vatic Pro,V-sol Power Flash,109.99,653,5.3,16,4.125,Hybrid,Raw carbon fiber,EPP Foam,110.57,6.18,
Vatic Pro,V-sol Power Bloom,109.99,652,5.6,16,4.125,Wide body,Raw carbon fiber,EPP Foam,108.13,6.86,
Vatic Pro,V-sol Power Flash LH,109.99,651,5.6,16,4.125,Elongated,Raw carbon fiber,EPP Foam,114.81,5.87,
Vatic Pro,V-sol pro Flash LH,109.99,650,5.6,16,4.125,Elongated,Raw carbon fiber,EPP Foam,112.11,6.39,
Vatic Pro,V-sol Pro Bloom,109.99,649,5.6,16,4.125,Wide body,Raw carbon fiber,EPP Foam,106.13,6.77,
Vatic Pro,V-sol Power v7,109.99,648,5.3,16,4.125,Elongated,Raw carbon fiber,EPP Foam,117.54,6.53,
Vatic Pro,V-sol pro Flash,109.99,647,5.3,16,4.125,Hybrid,Raw carbon fiber,EPP Foam,106.69,6.08,
Vatic Pro,V-sol Pro v7 LH,109.99,646,5.6,16,4.125,Elongated,Raw carbon fiber,EPP Foam,114.11,5.97,
Vatic Pro,V-sol Pro v7 ,109.99,645,5.3,16,4.125,Elongated,Raw carbon fiber,EPP Foam,113.8,6.32,
Vatic Pro,Saga v7 SH 14mm,129.99,569,5.3,14,4.125,Elongated,Raw carbon fiber,Polymer Honeycomb,117,6.2,
Vatic Pro,Saga Flash LH 14mm,129.99,545,5.5,14,4.125,Hybrid,Raw carbon fiber,Polymer Honeycomb,113,5.7,
Vatic Pro,Saga Flash SH 14mm,129.99,544,5.3,14,4.125,Hybrid,Raw carbon fiber,Polymer Honeycomb,109,5.96,
Vatic Pro,Saga Bloom 14mm,129.99,543,5.5,14,4.125,Wide body,Raw carbon fiber,Polymer Honeycomb,105,6.51,
Vatic Pro,Saga v7 LH 14mm,129.99,542,5.5,14,4.125,Elongated,Raw carbon fiber,Polymer Honeycomb,117,5.63,
Vatic Pro,Prism Bloom 16mm,99.99,489,,16,,Wide body,Raw carbon fiber,Polymer Honeycomb,110,6.97,
Vatic Pro,Prism Bloom 14mm,99.99,488,,14,,Wide body,Raw carbon fiber,Polymer Honeycomb,107,6.54,
Vatic Pro,Saga Bloom 16mm,129.99,487,,16,4.125,Wide body,Raw carbon fiber,Polymer Honeycomb,111,6.96,
Vatic Pro,Saga v7 LH 16mm,129.99,461,5.5,16,4.125,Elongated,Raw carbon fiber,Polymer Honeycomb,124,6.39,
Vatic Pro,Saga v7 SH 16mm,129.99,460,5.3,16,4.125,Elongated,Raw carbon fiber,Polymer Honeycomb,119,6.58,
Vatic Pro,Saga Flash LH 16mm,129.99,459,5.5,16,4.125,Hybrid,Raw carbon fiber,Polymer Honeycomb,120,6.1,
Vatic Pro,Saga Flash SH 16mm,129.99,454,5.3,16,4.125,Hybrid,Raw carbon fiber,Polymer Honeycomb,113,6.48,
Vatic Pro,Prism Flash 16mm LH,99.99,443,5.4,16,4.25,Hybrid,Raw carbon fiber,Polymer Honeycomb,122,6.21,
Vatic Pro,Prism v7 LH,99.99,319,5.6,16,4.25,Elongated,Raw carbon fiber,Polymer Honeycomb,123,6.27,
Vatic Pro,Prism Flash 14mm,99.99,251,5.4,14,4.25,Hybrid,Raw carbon fiber,Polymer Honeycomb,110,6.31,
Vatic Pro,Alchemy 16mm,179.99,207,5.5,16,4.25,Elongated,Raw carbon fiber,Polymer Honeycomb,121,6.38,
Vatic Pro,Alchemy 13.5mm,179.99,206,5.5,13.5,4.25,Elongated,Raw carbon fiber,Polymer Honeycomb,113,6.04,
Vatic Pro,Prism Flash 16mm,99.99,199,5.4,16,4.25,Hybrid,Raw carbon fiber,Polymer Honeycomb,114,6.41,
Vatic Pro,Prism v7,99.99,198,5.4,16,4.25,Elongated,Raw carbon fiber,Polymer Honeycomb,128,6.74,
Vatic Pro,Flash Carbon Fiber 16mm,139.99,150,5.4,16,4.25,Hybrid,Raw carbon fiber,Polymer Honeycomb,115,6.57,
Vatic Pro,V7 Carbon Fiber 16mm,139.99,126,5.3,16,4.25,Elongated,Raw carbon fiber,Polymer Honeycomb,119,6.78,
Vatic Pro,Flash Carbon Fiber 14mm,139.99,128,5.4,14,4.25,Hybrid,Raw carbon fiber,Polymer Honeycomb,111,6.18,
Versix,Vector XL,129.99,428,5.75,15,4.25,Elongated,Raw carbon fiber,Polymer Honeycomb,119,6.58,
Volair,Shift HYB 14mm,189.99,671,5.6,14,4.125,Hybrid,Raw carbon fiber,EPP Foam,118.4,6.49,
Volair,Shift EL 14mm,189.99,670,5.6,14,4.125,Elongated,Raw carbon fiber,EPP Foam,120.4,6,
Volair,Shift WB 14mm,189.99,669,5.5,14,4.125,Wide body,Raw carbon fiber,EPP Foam,107.7,7.21,
Volair,V.1F XL-W,179.99,580,6.5,16,4.125,Wide body,titanium (polyester threads),Polymer Honeycomb,114,6.93,
Volair,V.1F HYB,199.99,579,5.5,16,4.125,Hybrid,titanium (polyester threads),Polymer Honeycomb,117,6.45,
Volair,V.1F XL-L,179.99,578,6.5,16,4.125,Extra Elongated,titanium (polyester threads),Polymer Honeycomb,129,5.48,
Volair,CTRL2 Forza 16mm,199.99,447,5.5,16,4.125,Wide body,Kevlar,Polymer Honeycomb,108,7.18,
Volair,CTRL1 Forza 16mm,199.99,446,5.5,16,4.125,Elongated,Kevlar,Polymer Honeycomb,114,6.07,
Volair,Mach 2 Forza 14mm,179.99,293,5.5,14,4.125,Wide body,Raw carbon fiber,Polymer Honeycomb,106,6.82,
Volair,Mach 2 Forza 16mm,179.99,292,5.5,16,4.25,Wide body,Raw carbon fiber,Polymer Honeycomb,110,7.22,
Volair,Mach 1 14mm,159.99,249,5.5,14,4.3,Elongated,Raw carbon fiber,Polymer Honeycomb,114,5.87,
Volair,Mach 1 Forza 14mm,179.99,248,5.5,14,4.125,Elongated,Raw carbon fiber,Polymer Honeycomb,111,5.99,
Volair,Mach 1 Forza 16mm,179.99,208,5.5,16,4.25,Elongated,Raw carbon fiber,Polymer Honeycomb,117,6.56,
Volair,Mach 1 16mm,159.99,140,5.5,16,4.3,Elongated,Raw carbon fiber,Polymer Honeycomb,114,6.00,
Vulcan,V720HT MAX,249.99,286,4.75,13,4.125,Standard,"Fiberglass,Carbon Fiber",Polymer Honeycomb,110,6.72,
Vulcan,V740HT MAX,249.99,285,5.5,13,4.125,Elongated,"Carbon Fiber,Fiberglass",Polymer Honeycomb,122,5.96,
Wilson,Vesper Power 14mm,249,577,5.25,14,4.25,Elongated,Raw carbon fiber,Polymer Honeycomb,114,5.26,
Wilson,Vesper  Control 17mm,249,576,5.25,17,4.25,Standard,Raw carbon fiber,Polymer Honeycomb,114,6.04,
RPM,Friction pro elongated 16,249.99,667,5.5,16,,Elongated,Raw carbon fiber,Polymer Honeycomb,116.18,6,
RPM,Friction pro widebody 16,249.99,666,5.5,16,,Elongated,Raw carbon fiber,Polymer Honeycomb,109.77,6.96,
RPM,Friction pro elongated 14,249.99,665,5.5,14,,Elongated,Raw carbon fiber,Polymer Honeycomb,114.94,5.87,
,Black Diamond 14mm,180,407,5.5,14,4.25,Hybrid,Fiberglass,Polymer Honeycomb,112,6.44,
